,Precision,Recall,F1-Score,PR-AUC,TP,TN,FP,FN
Modelo A (LLM) [muestra 5%],0.027559055118110236,1.0,0.05363984674329502,0.4609656160198707,7.0,46.0,247.0,0.0
Modelo B (IF) [test completo],0.18926553672316385,0.21405750798722045,0.20089955022488756,0.2142893821285659,134.0,33983.0,574.0,492.0
