{
  "modelo_a_llm": {
    "precision": 0.027559055118110236,
    "recall": 1.0,
    "f1_score": 0.05363984674329502,
    "true_positives": 7,
    "true_negatives": 46,
    "false_positives": 247,
    "false_negatives": 0,
    "confusion_matrix": [
      [
        46,
        247
      ],
      [
        0,
        7
      ]
    ],
    "pr_auc": 0.46098711584787205
  },
  "modelo_b_isolation_forest": {
    "precision": 0.18926553672316385,
    "recall": 0.21405750798722045,
    "f1_score": 0.20089955022488756,
    "true_positives": 134,
    "true_negatives": 33983,
    "false_positives": 574,
    "false_negatives": 492,
    "confusion_matrix": [
      [
        33983,
        574
      ],
      [
        492,
        134
      ]
    ],
    "pr_auc": 0.2142893821285659
  }
}