{
  "resultados": {
    "pagerank_top5": {
      "semillas": [
        226411,
        114260,
        29878,
        161890,
        145892
      ],
      "cobertura_promedio_pct": 2.7184999999999997,
      "cobertura_std_pct": 0.6817497708103758,
      "cobertura_mediana_pct": 2.8000000000000003,
      "pasos_promedio": 5.81,
      "cobertura_temporal_promedio": [
        5.0,
        15.97,
        25.64,
        37.03,
        47.19,
        54.37
      ],
      "cobertura_temporal_std": [
        0.0,
        2.4757019206681568,
        5.901728560345688,
        9.204841117585898,
        11.534032252425863,
        13.634995416207518
      ],
      "num_simulaciones": 100
    },
    "in_degree_top5": {
      "semillas": [
        226411,
        251990,
        84906,
        3164,
        73530
      ],
      "cobertura_promedio_pct": 2.7609999999999997,
      "cobertura_std_pct": 1.8770000000000002,
      "cobertura_mediana_pct": 2.0250000000000004,
      "pasos_promedio": 5.54,
      "cobertura_temporal_promedio": [
        5.0,
        10.88,
        17.17,
        26.58,
        40.91,
        55.22
      ],
      "cobertura_temporal_std": [
        0.0,
        2.3844496220302083,
        5.907715294426433,
        14.22405005615489,
        26.50362050739483,
        37.54
      ],
      "num_simulaciones": 100
    },
    "betweenness_top5": {
      "semillas": [
        226411,
        161890,
        84906,
        65463,
        221742
      ],
      "cobertura_promedio_pct": 2.7985000000000007,
      "cobertura_std_pct": 0.9957272467900032,
      "cobertura_mediana_pct": 2.875,
      "pasos_promedio": 5.85,
      "cobertura_temporal_promedio": [
        5.0,
        13.81,
        24.62,
        37.27,
        47.81,
        55.97
      ],
      "cobertura_temporal_std": [
        0.0,
        2.809608513654528,
        6.7893740506765425,
        11.258645566852168,
        14.90952380191936,
        19.914544935800066
      ],
      "num_simulaciones": 100
    },
    "authority_top5": {
      "semillas": [
        3164,
        84906,
        151707,
        90543,
        73530
      ],
      "cobertura_promedio_pct": 2.0635000000000003,
      "cobertura_std_pct": 1.7135906016315565,
      "cobertura_mediana_pct": 1.275,
      "pasos_promedio": 4.72,
      "cobertura_temporal_promedio": [
        5.0,
        7.99,
        11.86,
        20.37,
        31.87,
        41.27
      ],
      "cobertura_temporal_std": [
        0.0,
        1.532938354924947,
        4.818755025937716,
        14.806522211512059,
        26.444150581933993,
        34.27181203263113
      ],
      "num_simulaciones": 100
    },
    "random": {
      "semillas": [
        264066,
        51025,
        186902,
        126917,
        179782
      ],
      "cobertura_promedio_pct": 0.7169999999999999,
      "cobertura_std_pct": 0.3334831330067535,
      "cobertura_mediana_pct": 0.65,
      "pasos_promedio": 4.33,
      "cobertura_temporal_promedio": [
        5.0,
        8.23,
        10.59,
        12.43,
        13.73,
        14.34
      ],
      "cobertura_temporal_std": [
        0.0,
        1.6902958320956716,
        2.9465064058983463,
        4.1815188628057145,
        5.458671999671715,
        6.66966266013507
      ],
      "num_simulaciones": 100
    }
  },
  "ranking": [
    [
      "betweenness_top5",
      2.7985000000000007
    ],
    [
      "in_degree_top5",
      2.7609999999999997
    ],
    [
      "pagerank_top5",
      2.7184999999999997
    ],
    [
      "authority_top5",
      2.0635000000000003
    ],
    [
      "random",
      0.7169999999999999
    ]
  ]
}