{
  "estrategia": "betweenness_top5",
  "semillas": [
    226411,
    161890,
    84906,
    65463,
    221742
  ],
  "resultados": {
    "0.05": {
      "cobertura_promedio_pct": 0.9464999999999999,
      "cobertura_std_pct": 0.535035279210633,
      "cobertura_temporal_promedio": [
        5.0,
        9.22,
        12.23,
        14.91,
        17.26,
        18.93
      ]
    },
    "0.1": {
      "cobertura_promedio_pct": 2.9784999999999995,
      "cobertura_std_pct": 1.0872270921937148,
      "cobertura_temporal_promedio": [
        5.0,
        13.47,
        24.49,
        37.11,
        49.29,
        59.57
      ]
    },
    "0.15": {
      "cobertura_promedio_pct": 4.9495,
      "cobertura_std_pct": 1.7111910325851991,
      "cobertura_temporal_promedio": [
        5.0,
        17.22,
        36.69,
        57.7,
        78.06,
        98.99
      ]
    },
    "0.2": {
      "cobertura_promedio_pct": 7.663500000000002,
      "cobertura_std_pct": 2.0031831543820453,
      "cobertura_temporal_promedio": [
        5.0,
        21.86,
        49.02,
        78.38,
        114.65,
        153.27
      ]
    },
    "0.3": {
      "cobertura_promedio_pct": 13.54,
      "cobertura_std_pct": 3.050999836119301,
      "cobertura_temporal_promedio": [
        5.0,
        28.62,
        69.0,
        117.08,
        190.99,
        270.8
      ]
    }
  }
}