{
  "estrategia": "in_degree_top5",
  "semillas": [
    226411,
    251990,
    84906,
    3164,
    73530
  ],
  "resultados": {
    "0.05": {
      "cobertura_promedio_pct": 0.7204999999999999,
      "cobertura_std_pct": 0.5705740530378156,
      "cobertura_temporal_promedio": [
        5.0,
        7.6,
        9.03,
        10.59,
        12.52,
        14.41
      ]
    },
    "0.1": {
      "cobertura_promedio_pct": 2.565,
      "cobertura_std_pct": 1.798158780530796,
      "cobertura_temporal_promedio": [
        5.0,
        9.84,
        15.74,
        25.81,
        39.35,
        51.3
      ]
    },
    "0.15": {
      "cobertura_promedio_pct": 5.718500000000001,
      "cobertura_std_pct": 2.4775658921610946,
      "cobertura_temporal_promedio": [
        5.0,
        13.35,
        27.08,
        55.41,
        87.13,
        114.37
      ]
    },
    "0.2": {
      "cobertura_promedio_pct": 8.985,
      "cobertura_std_pct": 2.745009107453016,
      "cobertura_temporal_promedio": [
        5.0,
        16.29,
        40.06,
        86.54,
        133.49,
        179.7
      ]
    },
    "0.3": {
      "cobertura_promedio_pct": 14.353,
      "cobertura_std_pct": 2.662384457586845,
      "cobertura_temporal_promedio": [
        5.0,
        20.65,
        61.26,
        135.48,
        213.09,
        287.06
      ]
    }
  }
}