{
  "resultados": {
    "pagerank_top5": {
      "semillas": [
        226411,
        114260,
        29878,
        161890,
        145892
      ],
      "cobertura_promedio_pct": 2.7425000000000006,
      "cobertura_std_pct": 0.7749959677314456,
      "cobertura_mediana_pct": 2.825,
      "pasos_promedio": 5.87,
      "cobertura_temporal_promedio": [
        5.0,
        16.79,
        26.97,
        38.3,
        47.59,
        54.85
      ],
      "cobertura_temporal_std": [
        0.0,
        2.9335814289022215,
        6.57336291406461,
        11.29026129015622,
        13.60080512322708,
        15.499919354628911
      ],
      "num_simulaciones": 100
    },
    "in_degree_top5": {
      "semillas": [
        226411,
        251990,
        84906,
        3164,
        73530
      ],
      "cobertura_promedio_pct": 3.251000000000001,
      "cobertura_std_pct": 2.086180481166479,
      "cobertura_mediana_pct": 3.65,
      "pasos_promedio": 5.52,
      "cobertura_temporal_promedio": [
        5.0,
        10.62,
        18.25,
        32.18,
        50.63,
        65.02
      ],
      "cobertura_temporal_std": [
        0.0,
        2.394911271842863,
        6.807899822999747,
        17.51649508320657,
        31.383643829230543,
        41.72360962332959
      ],
      "num_simulaciones": 100
    },
    "betweenness_top5": {
      "semillas": [
        226411,
        161890,
        84906,
        65463,
        221742
      ],
      "cobertura_promedio_pct": 2.9259999999999997,
      "cobertura_std_pct": 1.0057454946456386,
      "cobertura_mediana_pct": 2.825,
      "pasos_promedio": 5.92,
      "cobertura_temporal_promedio": [
        5.0,
        13.56,
        24.75,
        37.13,
        48.59,
        58.52
      ],
      "cobertura_temporal_std": [
        0.0,
        2.4507957891264627,
        6.219927652312364,
        10.029611158963242,
        14.195136491066224,
        20.114909892912774
      ],
      "num_simulaciones": 100
    },
    "authority_top5": {
      "semillas": [
        3164,
        84906,
        151707,
        90543,
        73530
      ],
      "cobertura_promedio_pct": 1.9880000000000004,
      "cobertura_std_pct": 1.6442645772502673,
      "cobertura_mediana_pct": 1.225,
      "pasos_promedio": 4.65,
      "cobertura_temporal_promedio": [
        5.0,
        8.15,
        11.88,
        19.62,
        30.41,
        39.76
      ],
      "cobertura_temporal_std": [
        0.0,
        1.7741194999210168,
        4.800583297892038,
        13.38639607960261,
        24.445079259433786,
        32.885291545005344
      ],
      "num_simulaciones": 100
    },
    "random": {
      "semillas": [
        264066,
        51025,
        186902,
        126917,
        179782
      ],
      "cobertura_promedio_pct": 0.6899999999999998,
      "cobertura_std_pct": 0.32023428923211833,
      "cobertura_mediana_pct": 0.65,
      "pasos_promedio": 4.01,
      "cobertura_temporal_promedio": [
        5.0,
        8.45,
        10.85,
        12.26,
        13.18,
        13.8
      ],
      "cobertura_temporal_std": [
        0.0,
        1.9045996954740907,
        3.578756767370478,
        4.715124600686603,
        5.55946040547102,
        6.404685784642365
      ],
      "num_simulaciones": 100
    }
  },
  "ranking": [
    [
      "in_degree_top5",
      3.251000000000001
    ],
    [
      "betweenness_top5",
      2.9259999999999997
    ],
    [
      "pagerank_top5",
      2.7425000000000006
    ],
    [
      "authority_top5",
      1.9880000000000004
    ],
    [
      "random",
      0.6899999999999998
    ]
  ]
}