{
  "resumen": {
    "total_nodos_analizados": 20,
    "top_n": 20,
    "diversidad_roles": {
      "Multi-Rol": 13,
      "Propagador": 3,
      "Puente": 2,
      "Estándar": 2
    },
    "concentracion_pagerank": {
      "top_5": 0.05823902273238555,
      "top_10": 0.09693280761440753,
      "top_20": 0.1496471622119809
    },
    "comparacion_top_vs_resto": {
      "pagerank": {
        "promedio_top": 0.0074823581105984485,
        "promedio_resto": 0.000429471130195935,
        "ratio": 17.422260972896638
      },
      "in_degree": {
        "promedio_top": 83.6,
        "promedio_resto": 13.334343434343435,
        "ratio": 6.269525035982122
      },
      "betweenness": {
        "promedio_top": 0.02439732269275084,
        "promedio_resto": 0.00036371115348703814,
        "ratio": 67.078841159652
      }
    }
  },
  "correlaciones": {
    "pagerank_vs_in_degree": 0.5823472377184589,
    "pagerank_vs_authority": 0.04712477453697481,
    "pagerank_vs_betweenness": 0.6574004315576855,
    "hub_vs_out_degree": 0.6749213926164964,
    "authority_vs_in_degree": 0.5723050485198028,
    "betweenness_vs_closeness": 0.27812110504933296
  },
  "top_nodos": [
    {
      "ranking": 1,
      "nodo": 226411,
      "metricas": {
        "pagerank": 0.0233155199242625,
        "in_degree": 559,
        "out_degree": 14,
        "hits_authority": 7.286055461191797e-05,
        "hits_hub": 2.951195499522777e-07,
        "betweenness": 0.1584139481371339,
        "closeness": 0.3459390985815489
      },
      "rol_principal": "Multi-Rol",
      "roles_secundarios": [
        "Autoridad",
        "Puente",
        "Propagador"
      ],
      "explicacion_rol": "Combina 3 roles: Autoridad, Puente, Propagador",
      "explicacion_completa": "PageRank 46.6x superior al promedio (excepcional). 559 enlaces entrantes (top 5%). Principalmente destino de navegación (authority > hub). Nodo puente crítico (top 5% betweenness). Alta capacidad de propagación rápida."
    },
    {
      "ranking": 2,
      "nodo": 114260,
      "metricas": {
        "pagerank": 0.0099464919257347,
        "in_degree": 52,
        "out_degree": 1,
        "hits_authority": 9.233908275736946e-19,
        "hits_hub": -5.997070882055034e-22,
        "betweenness": 0.0006512265141579,
        "closeness": 0.0260130065032516
      },
      "rol_principal": "Puente",
      "roles_secundarios": [],
      "explicacion_rol": "Alto betweenness (0.000651), conecta comunidades",
      "explicacion_completa": "PageRank 19.9x superior al promedio (excepcional). 52 enlaces entrantes (top 5%). Principalmente destino de navegación (authority > hub)."
    },
    {
      "ranking": 3,
      "nodo": 29878,
      "metricas": {
        "pagerank": 0.0084861295084515,
        "in_degree": 1,
        "out_degree": 52,
        "hits_authority": -4.220752022548581e-20,
        "hits_hub": 2.696755676586405e-19,
        "betweenness": 0.0006512265141579,
        "closeness": 0.0131327799822241
      },
      "rol_principal": "Puente",
      "roles_secundarios": [],
      "explicacion_rol": "Alto betweenness (0.000651), conecta comunidades",
      "explicacion_completa": "PageRank 17.0x superior al promedio (excepcional). Principalmente página de referencia (hub > authority)."
    },
    {
      "ranking": 4,
      "nodo": 161890,
      "metricas": {
        "pagerank": 0.0083066008699241,
        "in_degree": 71,
        "out_degree": 37,
        "hits_authority": 2.479506014895894e-06,
        "hits_hub": 9.180680739342628e-07,
        "betweenness": 0.0800926011181829,
        "closeness": 0.2384650075990981
      },
      "rol_principal": "Multi-Rol",
      "roles_secundarios": [
        "Puente",
        "Propagador"
      ],
      "explicacion_rol": "Combina 2 roles: Puente, Propagador",
      "explicacion_completa": "PageRank 16.6x superior al promedio (excepcional). 71 enlaces entrantes (top 5%). Principalmente destino de navegación (authority > hub). Nodo puente crítico (top 5% betweenness). Alta capacidad de propagación rápida."
    },
    {
      "ranking": 5,
      "nodo": 145892,
      "metricas": {
        "pagerank": 0.0081842805040081,
        "in_degree": 51,
        "out_degree": 15,
        "hits_authority": 1.5734244089495145e-06,
        "hits_hub": 8.126068849220474e-07,
        "betweenness": 0.0196548018517886,
        "closeness": 0.2371092368673281
      },
      "rol_principal": "Multi-Rol",
      "roles_secundarios": [
        "Puente",
        "Propagador"
      ],
      "explicacion_rol": "Combina 2 roles: Puente, Propagador",
      "explicacion_completa": "PageRank 16.4x superior al promedio (excepcional). 51 enlaces entrantes (top 5%). Nodo puente crítico (top 5% betweenness). Alta capacidad de propagación rápida."
    },
    {
      "ranking": 6,
      "nodo": 112742,
      "metricas": {
        "pagerank": 0.0078564273513626,
        "in_degree": 51,
        "out_degree": 14,
        "hits_authority": 1.6289194169545084e-06,
        "hits_hub": 8.112079697729025e-07,
        "betweenness": 0.0352697716698378,
        "closeness": 0.2367353654752321
      },
      "rol_principal": "Multi-Rol",
      "roles_secundarios": [
        "Puente",
        "Propagador"
      ],
      "explicacion_rol": "Combina 2 roles: Puente, Propagador",
      "explicacion_completa": "PageRank 15.7x superior al promedio (excepcional). 51 enlaces entrantes (top 5%). Principalmente destino de navegación (authority > hub). Nodo puente crítico (top 5% betweenness). Alta capacidad de propagación rápida."
    },
    {
      "ranking": 7,
      "nodo": 151428,
      "metricas": {
        "pagerank": 0.0077432808467327,
        "in_degree": 51,
        "out_degree": 11,
        "hits_authority": 1.5639080193251763e-06,
        "hits_hub": 2.2614132529646765e-07,
        "betweenness": 0.0084395760707752,
        "closeness": 0.237334127069858
      },
      "rol_principal": "Multi-Rol",
      "roles_secundarios": [
        "Puente",
        "Propagador"
      ],
      "explicacion_rol": "Combina 2 roles: Puente, Propagador",
      "explicacion_completa": "PageRank 15.5x superior al promedio (excepcional). 51 enlaces entrantes (top 5%). Principalmente destino de navegación (authority > hub). Nodo puente crítico (top 5% betweenness). Alta capacidad de propagación rápida."
    },
    {
      "ranking": 8,
      "nodo": 60440,
      "metricas": {
        "pagerank": 0.0077149298799781,
        "in_degree": 50,
        "out_degree": 12,
        "hits_authority": 1.5886065782002287e-06,
        "hits_hub": 7.979045431950064e-07,
        "betweenness": 0.0190864815726133,
        "closeness": 0.2366607326361794
      },
      "rol_principal": "Multi-Rol",
      "roles_secundarios": [
        "Puente",
        "Propagador"
      ],
      "explicacion_rol": "Combina 2 roles: Puente, Propagador",
      "explicacion_completa": "PageRank 15.4x superior al promedio (excepcional). 50 enlaces entrantes (top 5%). Nodo puente crítico (top 5% betweenness). Alta capacidad de propagación rápida."
    },
    {
      "ranking": 9,
      "nodo": 222873,
      "metricas": {
        "pagerank": 0.0077082436762194,
        "in_degree": 49,
        "out_degree": 12,
        "hits_authority": 1.562175247878484e-06,
        "hits_hub": 2.2070111787082347e-07,
        "betweenness": 0.0068541493000467,
        "closeness": 0.2365861468395717
      },
      "rol_principal": "Multi-Rol",
      "roles_secundarios": [
        "Puente",
        "Propagador"
      ],
      "explicacion_rol": "Combina 2 roles: Puente, Propagador",
      "explicacion_completa": "PageRank 15.4x superior al promedio (excepcional). 49 enlaces entrantes (top 5%). Principalmente destino de navegación (authority > hub). Nodo puente crítico (top 5% betweenness). Alta capacidad de propagación rápida."
    },
    {
      "ranking": 10,
      "nodo": 208542,
      "metricas": {
        "pagerank": 0.0076709031277261,
        "in_degree": 51,
        "out_degree": 11,